1,aaa,1111,F,612-990-7995,rmccleod0@symantec.com
2,bbb,2222,M,488-117-5576,csimounet1@toplist.cz
3,ccc,3333,M,596-477-7346,apaten2@xrea.com
4,Hewie,8245,M,626-969-3954,hphilpotts3@vistaprint.com
5,Katina,1770,F,403-764-5025,ksmalecombe4@etsy.com
6,Ryann,4748,F,426-408-8748,rcassie5@zimbio.com
7,Gerhardt,1390,M,236-423-9709,gpollett6@photobucket.com
8,Griswold,8575,M,503-476-8748,glob7@chronoengine.com
9,Pincus,5687,M,130-381-3547,pparcell8@cocolog-nifty.com
10,Wilburt,5641,M,514-148-9015,wwheaton9@cnn.com
11,Moss,9514,M,352-875-2826,mferreroa@hc360.com
12,Konstance,3770,F,707-694-6406,kjerdeinb@yolasite.com
13,Glennie,7227,F,258-470-7484,glaingec@wp.com
14,Sonny,6991,F,165-859-0668,syoakleyd@amazon.de
15,Clayson,9766,M,347-268-1335,cangelie@joomla.org
16,Daloris,3290,F,380-842-5079,dsperlingf@stumbleupon.com
17,Spenser,6377,M,495-331-7120,spaszakg@berkeley.edu
18,Janaya,1397,F,568-378-2224,jedieh@dot.gov
19,Sigismond,4598,M,678-969-0272,smenloei@kickstarter.com
20,Cathleen,4078,F,416-742-1269,csaddj@360.cn
21,Asia,8569,F,322-827-2053,aediek@squarespace.com
22,Hortense,4658,F,247-889-5145,hblowl@prlog.org
23,Gardiner,5104,M,194-468-2209,gormistonm@parallels.com
24,Grethel,6998,F,336-901-0007,gginsien@sun.com
25,Averell,2464,M,774-787-9611,afairhamo@mlb.com
26,Juline,6606,F,593-114-6102,jchalcotp@phpbb.com
27,Budd,9039,M,151-322-1020,bundrellq@soundcloud.com
28,Donetta,8663,F,889-470-0294,dedgelerr@sun.com
29,Meggi,1417,F,923-907-6212,mcreedlands@bloglovin.com
30,Bernhard,4265,M,226-688-9352,balliott@google.co.jp
31,Had,4800,M,154-809-4885,hguinaneu@gizmodo.com
32,Nelli,2543,F,573-263-0574,ngordongilesv@uol.com.br
33,Loutitia,4112,F,454-799-3703,lgrimleyw@ameblo.jp
34,Clark,8375,M,872-190-9973,cblaszkiewiczx@virginia.edu
35,Stace,7878,F,240-160-6770,sloughlany@arstechnica.com
36,Suzy,6476,F,214-381-5479,sboltz@prnewswire.com
37,Sean,4065,F,647-833-8853,scantrill10@edublogs.org
38,Darelle,9850,F,558-259-8682,dbeauchop11@so-net.ne.jp
39,Shaughn,2477,M,746-864-0584,syearnsley12@over-blog.com
40,Reggie,8930,F,185-818-7339,rmcgurk13@hud.gov
41,Gradeigh,4404,M,889-982-3999,gmcquaid14@usnews.com
42,Earlie,7247,M,720-514-7951,egrinin15@webnode.com
43,Jolyn,1380,F,907-532-0895,jpesterfield16@oracle.com
44,Leonidas,6407,M,527-481-5410,lwakerley17@slideshare.net
45,Bob,5679,M,866-494-9143,bsummerlie18@huffingtonpost.com
46,Martelle,7687,F,453-889-4796,mraoux19@livejournal.com
47,Tom,4071,M,395-892-9104,tvedekhov1a@bing.com
48,Jillene,8612,F,797-186-2279,jkrzyzaniak1b@sakura.ne.jp
49,Bren,3604,F,193-531-6073,bheaps1c@gizmodo.com
50,Denny,1307,M,815-721-3571,dvoss1d@cpanel.net
51,Yulma,8417,M,847-167-7149,ytowll1e@epa.gov
52,Cole,2163,M,198-699-7795,cbutteris1f@imageshack.us
53,Rufe,4618,M,581-171-0525,rcutajar1g@hud.gov
54,Libbey,5965,F,425-815-4553,lsallier1h@bloglines.com
55,Aurthur,8586,M,688-157-3253,aaronowicz1i@uol.com.br
56,Dalli,1368,M,604-789-9170,dkubin1j@paypal.com
57,Paige,1528,M,727-917-5870,pskip1k@marketwatch.com
58,Early,5916,M,123-595-3620,ebleasdale1l@prnewswire.com
59,Cecilia,5218,F,962-411-8817,cgarron1m@nsw.gov.au
60,Rafi,5592,M,427-414-6671,rsparshatt1n@mit.edu
61,Kristo,4584,M,600-120-6294,kpyrke1o@histats.com
62,Sigismond,4249,M,427-897-1134,snemchinov1p@toplist.cz
63,Lonny,1685,M,992-815-2275,lcoutthart1q@over-blog.com
64,Barri,1463,M,449-390-5569,bjakoubec1r@blogspot.com
65,Bondie,7632,M,666-594-5722,bpeasgood1s@yolasite.com
66,Zelig,4197,M,765-870-4519,zmonger1t@nydailynews.com
67,Archibold,3397,M,504-677-3165,askittrall1u@marketwatch.com
68,Janos,3726,M,393-694-0352,jcastelin1v@eventbrite.com
69,Jenna,4920,F,674-911-7529,jpoultney1w@globo.com
70,Vivien,8952,F,915-424-1861,vferencowicz1x@noaa.gov
71,Cariotta,7962,F,617-176-9221,clockey1y@ox.ac.uk
72,Hamilton,4947,M,185-896-1855,hdumphreys1z@google.de
73,Gladys,9434,F,252-111-9646,grogans20@google.it
74,Karin,3312,F,540-632-0945,kmelville21@java.com
75,Thorvald,4658,M,259-336-5581,tquenby22@amazonaws.com
76,Hamlin,9694,M,308-979-7898,hshotbolt23@umn.edu
77,Moise,1625,M,339-212-3368,mbiagioni24@canalblog.com
78,Daven,9649,M,564-896-7016,dreiling25@trellian.com
79,Raf,4420,F,604-214-5828,rdurban26@g.co
80,Brita,8413,F,813-515-9035,blukianovich27@jimdo.com
81,Winnifred,4143,F,576-150-4559,walliston28@ameblo.jp
82,Coralyn,4137,F,718-756-8819,cskeene29@accuweather.com
83,Fergus,5637,M,957-379-1682,fdeye2a@alexa.com
84,Ermin,4334,M,237-338-3168,egaley2b@linkedin.com
85,Pepi,9604,F,791-244-4213,pwhodcoat2c@mtv.com
86,Corabella,2809,F,351-438-4013,cknowlden2d@chicagotribune.com
87,Nichole,4071,M,115-478-1239,ngregori2e@intel.com
88,Boy,5579,M,611-236-1336,bbagguley2f@abc.net.au
89,Urbano,7610,M,817-423-0594,uhause2g@about.com
90,Delinda,3052,F,862-624-0408,dkennelly2h@webmd.com
91,Kermie,9881,M,931-738-1318,ksmale2i@mysql.com
92,Desdemona,2800,F,386-699-9658,dcomar2j@tinyurl.com
93,Alecia,7777,F,390-227-8078,aruvel2k@sun.com
94,Killy,1432,M,515-381-6341,kharris2l@wikia.com
95,Lorettalorna,3559,F,162-876-9547,lwinchurch2m@wikispaces.com
96,Fred,7705,F,842-554-0276,fcalf2n@ocn.ne.jp
97,Eben,1067,M,745-879-4411,edwyr2o@netscape.com
98,Bari,8628,F,447-372-7286,bnordass2p@stanford.edu
99,Salomi,7096,F,777-397-9110,sskottle2q@army.mil
100,Bar,3816,M,187-510-6944,bjessope2r@meetup.com
